a-link-normal href,a-badge-text,a-link-normal href 2,s-image src,a-link-normal href 3,a-size-base-plus,a-icon-alt,a-link-normal href 4,a-size-base,a-size-base href,a-offscreen,a-price-whole,a-color-base,a-color-base 2,a-color-base 3,a-row,a-text-bold,a-size-base 2,a-offscreen 2,a-row 2
https://www.amazon.in/OnePlus-Nord-Pastel-128GB-Storage/dp/B0BY8JZ22K/ref=ice_ac_b_dpb?qid=1688490462&refinements=p_89%3AApple%7CFire-Boltt%7CNoise%7COnePlus%7CRedmi%7CSanDisk%7CboAt%7Crealme&rnid=3837712031&s=electronics&sr=1-1,Amazon's,https://www.amazon.in/OnePlus-Nord-Pastel-128GB-Storage/dp/B0BY8JZ22K/ref=sr_1_1?qid=1688490462&refinements=p_89%3AApple%7CFire-Boltt%7CNoise%7COnePlus%7CRedmi%7CSanDisk%7CboAt%7Crealme&rnid=3837712031&s=electronics&sr=1-1,https://m.media-amazon.com/images/I/61QRgOgBx0L._AC_UL320_.jpg,https://www.amazon.in/OnePlus-Nord-Pastel-128GB-Storage/dp/B0BY8JZ22K/ref=sr_1_1?qid=1688490462&refinements=p_89%3AApple%7CFire-Boltt%7CNoise%7COnePlus%7CRedmi%7CSanDisk%7CboAt%7Crealme&rnid=3837712031&s=electronics&sr=1-1,"OnePlus Nord CE 3 Lite 5G (Pastel Lime, 8GB RAM, 128GB Storage)",4.1 out of 5 stars,https://www.amazon.in/OnePlus-Nord-Pastel-128GB-Storage/dp/B0BY8JZ22K/ref=sr_1_1?qid=1688490462&refinements=p_89%3AApple%7CFire-Boltt%7CNoise%7COnePlus%7CRedmi%7CSanDisk%7CboAt%7Crealme&rnid=3837712031&s=electronics&sr=1-1#customerReviews,"13,001",https://www.amazon.in/OnePlus-Nord-Pastel-128GB-Storage/dp/B0BY8JZ22K/ref=sr_1_1?qid=1688490462&refinements=p_89%3AApple%7CFire-Boltt%7CNoise%7COnePlus%7CRedmi%7CSanDisk%7CboAt%7Crealme&rnid=3837712031&s=electronics&sr=1-1,"₹19,999","19,999",Get it by,"Thursday, 6 July",FREE Delivery by Amazon,Available Services:,Phone Set-up at Delivery,,,
https://www.amazon.in/realme-Feather-Segment-Charging-Slimmest/dp/B0C45N5VPT/ref=sr_1_2?qid=1688490462&refinements=p_89%3AApple%7CFire-Boltt%7CNoise%7COnePlus%7CRedmi%7CSanDisk%7CboAt%7Crealme&rnid=3837712031&s=electronics&sr=1-2,,https://www.amazon.in/realme-Feather-Segment-Charging-Slimmest/dp/B0C45N5VPT/ref=sr_1_2?qid=1688490462&refinements=p_89%3AApple%7CFire-Boltt%7CNoise%7COnePlus%7CRedmi%7CSanDisk%7CboAt%7Crealme&rnid=3837712031&s=electronics&sr=1-2,https://m.media-amazon.com/images/I/71dEY4Neo3L._AC_UL320_.jpg,https://www.amazon.in/realme-Feather-Segment-Charging-Slimmest/dp/B0C45N5VPT/ref=sr_1_2?qid=1688490462&refinements=p_89%3AApple%7CFire-Boltt%7CNoise%7COnePlus%7CRedmi%7CSanDisk%7CboAt%7Crealme&rnid=3837712031&s=electronics&sr=1-2#customerReviews,"realme narzo N53 (Feather Gold, 4GB+64GB) 33W Segment Fastest Charging | Slimmest Phone in Segment | 90 Hz Smooth Display",4.0 out of 5 stars,,"1,992",https://www.amazon.in/realme-Feather-Segment-Charging-Slimmest/dp/B0C45N5VPT/ref=sr_1_2?qid=1688490462&refinements=p_89%3AApple%7CFire-Boltt%7CNoise%7COnePlus%7CRedmi%7CSanDisk%7CboAt%7Crealme&rnid=3837712031&s=electronics&sr=1-2,"₹8,999","8,999",Get it by,"Saturday, 8 July",FREE Delivery by Amazon,(18% off),Phone Set-up at Delivery,M.R.P:,"₹10,999",Available Services:
https://www.amazon.in/Redmi-Storage-Performance-Mediatek-Display/dp/B0BYN48MQW/ref=sr_1_3?qid=1688490462&refinements=p_89%3AApple%7CFire-Boltt%7CNoise%7COnePlus%7CRedmi%7CSanDisk%7CboAt%7Crealme&rnid=3837712031&s=electronics&sr=1-3,,https://www.amazon.in/Redmi-Storage-Performance-Mediatek-Display/dp/B0BYN48MQW/ref=sr_1_3?qid=1688490462&refinements=p_89%3AApple%7CFire-Boltt%7CNoise%7COnePlus%7CRedmi%7CSanDisk%7CboAt%7Crealme&rnid=3837712031&s=electronics&sr=1-3,https://m.media-amazon.com/images/I/81itQPVn-GL._AC_UL320_.jpg,https://www.amazon.in/Redmi-Storage-Performance-Mediatek-Display/dp/B0BYN48MQW/ref=sr_1_3?qid=1688490462&refinements=p_89%3AApple%7CFire-Boltt%7CNoise%7COnePlus%7CRedmi%7CSanDisk%7CboAt%7Crealme&rnid=3837712031&s=electronics&sr=1-3#customerReviews,"Redmi 12C (Royal Blue, 4GB RAM, 64GB Storage) | High Performance Mediatek Helio G85 | Big 17cm(6.71) HD+ Display with 5000mAh(typ) Battery",4.0 out of 5 stars,,772,,"₹8,499","8,499",₹500 coupon applied at checkout,with coupon,Get it by,(39% off),Phone Set-up at Delivery,M.R.P:,"₹13,999",Available Services:
https://www.amazon.in/OnePlus-Nord-Lite-128GB-Storage/dp/B09WQYFLRX/ref=sr_1_4?qid=1688490462&refinements=p_89%3AApple%7CFire-Boltt%7CNoise%7COnePlus%7CRedmi%7CSanDisk%7CboAt%7Crealme&rnid=3837712031&s=electronics&sr=1-4,,https://www.amazon.in/OnePlus-Nord-Lite-128GB-Storage/dp/B09WQYFLRX/ref=sr_1_4?qid=1688490462&refinements=p_89%3AApple%7CFire-Boltt%7CNoise%7COnePlus%7CRedmi%7CSanDisk%7CboAt%7Crealme&rnid=3837712031&s=electronics&sr=1-4,https://m.media-amazon.com/images/I/71AvQd3VzqL._AC_UL320_.jpg,https://www.amazon.in/OnePlus-Nord-Lite-128GB-Storage/dp/B09WQYFLRX/ref=sr_1_4?qid=1688490462&refinements=p_89%3AApple%7CFire-Boltt%7CNoise%7COnePlus%7CRedmi%7CSanDisk%7CboAt%7Crealme&rnid=3837712031&s=electronics&sr=1-4#customerReviews,"OnePlus Nord CE 2 Lite 5G (Blue Tide, 6GB RAM, 128GB Storage)",4.2 out of 5 stars,,"127,783",https://www.amazon.in/OnePlus-Nord-Lite-128GB-Storage/dp/B09WQYFLRX/ref=sr_1_4?qid=1688490462&refinements=p_89%3AApple%7CFire-Boltt%7CNoise%7COnePlus%7CRedmi%7CSanDisk%7CboAt%7Crealme&rnid=3837712031&s=electronics&sr=1-4,"₹17,999","17,999",Get it by,"Thursday, 6 July",FREE Delivery by Amazon,(10% off),Phone Set-up at Delivery,M.R.P:,"₹19,999",Available Services:
https://www.amazon.in/realme-Feather-Segment-Charging-Slimmest/dp/B0C462M7JP/ref=sr_1_5?qid=1688490462&refinements=p_89%3AApple%7CFire-Boltt%7CNoise%7COnePlus%7CRedmi%7CSanDisk%7CboAt%7Crealme&rnid=3837712031&s=electronics&sr=1-5,,https://www.amazon.in/realme-Feather-Segment-Charging-Slimmest/dp/B0C462M7JP/ref=sr_1_5?qid=1688490462&refinements=p_89%3AApple%7CFire-Boltt%7CNoise%7COnePlus%7CRedmi%7CSanDisk%7CboAt%7Crealme&rnid=3837712031&s=electronics&sr=1-5,https://m.media-amazon.com/images/I/71dEY4Neo3L._AC_UL320_.jpg,https://www.amazon.in/realme-Feather-Segment-Charging-Slimmest/dp/B0C462M7JP/ref=sr_1_5?qid=1688490462&refinements=p_89%3AApple%7CFire-Boltt%7CNoise%7COnePlus%7CRedmi%7CSanDisk%7CboAt%7Crealme&rnid=3837712031&s=electronics&sr=1-5#customerReviews,"realme narzo N53 (Feather Gold, 6GB+128GB) 33W Segment Fastest Charging | Slimmest Phone in Segment | 90 Hz Smooth Display",4.0 out of 5 stars,,"1,992",,"₹10,999","10,999",Get it by,"Thursday, 6 July",FREE Delivery by Amazon,(15% off),Phone Set-up at Delivery,M.R.P:,"₹12,999",Available Services:
https://www.amazon.in/OnePlus-Nord-Pastel-256GB-Storage/dp/B0BY8JV4PX/ref=sr_1_6?qid=1688490462&refinements=p_89%3AApple%7CFire-Boltt%7CNoise%7COnePlus%7CRedmi%7CSanDisk%7CboAt%7Crealme&rnid=3837712031&s=electronics&sr=1-6,,https://www.amazon.in/OnePlus-Nord-Pastel-256GB-Storage/dp/B0BY8JV4PX/ref=sr_1_6?qid=1688490462&refinements=p_89%3AApple%7CFire-Boltt%7CNoise%7COnePlus%7CRedmi%7CSanDisk%7CboAt%7Crealme&rnid=3837712031&s=electronics&sr=1-6,https://m.media-amazon.com/images/I/61QRgOgBx0L._AC_UL320_.jpg,https://www.amazon.in/OnePlus-Nord-Pastel-256GB-Storage/dp/B0BY8JV4PX/ref=sr_1_6?qid=1688490462&refinements=p_89%3AApple%7CFire-Boltt%7CNoise%7COnePlus%7CRedmi%7CSanDisk%7CboAt%7Crealme&rnid=3837712031&s=electronics&sr=1-6#customerReviews,"OnePlus Nord CE 3 Lite 5G (Pastel Lime, 8GB RAM, 256GB Storage)",4.1 out of 5 stars,,"13,001",https://www.amazon.in/OnePlus-Nord-Pastel-256GB-Storage/dp/B0BY8JV4PX/ref=sr_1_6?qid=1688490462&refinements=p_89%3AApple%7CFire-Boltt%7CNoise%7COnePlus%7CRedmi%7CSanDisk%7CboAt%7Crealme&rnid=3837712031&s=electronics&sr=1-6,"₹21,999","21,999",Get it by,"Sunday, 9 July",FREE Delivery by Amazon,Available Services:,Phone Set-up at Delivery,,,
https://www.amazon.in/Redmi-Storage-Performance-Mediatek-Display/dp/B0BYN34PGJ/ref=sr_1_7?qid=1688490462&refinements=p_89%3AApple%7CFire-Boltt%7CNoise%7COnePlus%7CRedmi%7CSanDisk%7CboAt%7Crealme&rnid=3837712031&s=electronics&sr=1-7,,https://www.amazon.in/Redmi-Storage-Performance-Mediatek-Display/dp/B0BYN34PGJ/ref=sr_1_7?qid=1688490462&refinements=p_89%3AApple%7CFire-Boltt%7CNoise%7COnePlus%7CRedmi%7CSanDisk%7CboAt%7Crealme&rnid=3837712031&s=electronics&sr=1-7,https://m.media-amazon.com/images/I/81YEyQqHjPL._AC_UL320_.jpg,https://www.amazon.in/Redmi-Storage-Performance-Mediatek-Display/dp/B0BYN34PGJ/ref=sr_1_7?qid=1688490462&refinements=p_89%3AApple%7CFire-Boltt%7CNoise%7COnePlus%7CRedmi%7CSanDisk%7CboAt%7Crealme&rnid=3837712031&s=electronics&sr=1-7#customerReviews,"Redmi 12C (Mint Green, 4GB RAM, 64GB Storage) | High Performance Mediatek Helio G85 | Big 17cm(6.71) HD+ Display with 5000mAh(typ) Battery",4.0 out of 5 stars,,386,https://www.amazon.in/Redmi-Storage-Performance-Mediatek-Display/dp/B0BYN34PGJ/ref=sr_1_7?qid=1688490462&refinements=p_89%3AApple%7CFire-Boltt%7CNoise%7COnePlus%7CRedmi%7CSanDisk%7CboAt%7Crealme&rnid=3837712031&s=electronics&sr=1-7,"₹8,499","8,499",₹500 coupon applied at checkout,with coupon,Get it by,(39% off),Phone Set-up at Delivery,M.R.P:,"₹13,999",Available Services:
https://www.amazon.in/gp/bestsellers/electronics/1388965031/ref=sr_bs_7_1388965031_1,Best seller,https://www.amazon.in/SanDisk-Ultra%C2%AE-microSDXCTM-Warranty-Smartphones/dp/B0BDRVFDKP/ref=sr_1_8?qid=1688490462&refinements=p_89%3AApple%7CFire-Boltt%7CNoise%7COnePlus%7CRedmi%7CSanDisk%7CboAt%7Crealme&rnid=3837712031&s=electronics&sr=1-8,https://m.media-amazon.com/images/I/7180ZAZmERL._AC_UL320_.jpg,https://www.amazon.in/SanDisk-Ultra%C2%AE-microSDXCTM-Warranty-Smartphones/dp/B0BDRVFDKP/ref=sr_1_8?qid=1688490462&refinements=p_89%3AApple%7CFire-Boltt%7CNoise%7COnePlus%7CRedmi%7CSanDisk%7CboAt%7Crealme&rnid=3837712031&s=electronics&sr=1-8,"SanDisk Ultra® 64GB microSDXC™ UHS-I, 140MB/s R Memory Card, 10 Y Warranty, for Smartphones",4.4 out of 5 stars,https://www.amazon.in/SanDisk-Ultra%C2%AE-microSDXCTM-Warranty-Smartphones/dp/B0BDRVFDKP/ref=sr_1_8?qid=1688490462&refinements=p_89%3AApple%7CFire-Boltt%7CNoise%7COnePlus%7CRedmi%7CSanDisk%7CboAt%7Crealme&rnid=3837712031&s=electronics&sr=1-8#customerReviews,"80,333",https://www.amazon.in/SanDisk-Ultra%C2%AE-microSDXCTM-Warranty-Smartphones/dp/B0BDRVFDKP/ref=sr_1_8?qid=1688490462&refinements=p_89%3AApple%7CFire-Boltt%7CNoise%7COnePlus%7CRedmi%7CSanDisk%7CboAt%7Crealme&rnid=3837712031&s=electronics&sr=1-8,₹459,459,FREE Delivery by Amazon,,,(54% off),,M.R.P:,"₹1,000",
https://www.amazon.in/OnePlus-Nord-Black-128GB-Storage/dp/B09WQY65HN/ref=sr_1_9?qid=1688490462&refinements=p_89%3AApple%7CFire-Boltt%7CNoise%7COnePlus%7CRedmi%7CSanDisk%7CboAt%7Crealme&rnid=3837712031&s=electronics&sr=1-9,,https://www.amazon.in/OnePlus-Nord-Black-128GB-Storage/dp/B09WQY65HN/ref=sr_1_9?qid=1688490462&refinements=p_89%3AApple%7CFire-Boltt%7CNoise%7COnePlus%7CRedmi%7CSanDisk%7CboAt%7Crealme&rnid=3837712031&s=electronics&sr=1-9,https://m.media-amazon.com/images/I/71V--WZVUIL._AC_UL320_.jpg,https://www.amazon.in/OnePlus-Nord-Black-128GB-Storage/dp/B09WQY65HN/ref=sr_1_9?qid=1688490462&refinements=p_89%3AApple%7CFire-Boltt%7CNoise%7COnePlus%7CRedmi%7CSanDisk%7CboAt%7Crealme&rnid=3837712031&s=electronics&sr=1-9#customerReviews,"OnePlus Nord CE 2 Lite 5G (Black Dusk, 6GB RAM, 128GB Storage)",4.2 out of 5 stars,,"127,783",https://www.amazon.in/OnePlus-Nord-Black-128GB-Storage/dp/B09WQY65HN/ref=sr_1_9?qid=1688490462&refinements=p_89%3AApple%7CFire-Boltt%7CNoise%7COnePlus%7CRedmi%7CSanDisk%7CboAt%7Crealme&rnid=3837712031&s=electronics&sr=1-9,"₹17,999","17,999",Get it by,"Thursday, 6 July",FREE Delivery by Amazon,(10% off),Phone Set-up at Delivery,M.R.P:,"₹19,999",Available Services:
https://www.amazon.in/realme-Segment-Fastest-Charging-High-res/dp/B0BZ466BWW/ref=sr_1_10?qid=1688490462&refinements=p_89%3AApple%7CFire-Boltt%7CNoise%7COnePlus%7CRedmi%7CSanDisk%7CboAt%7Crealme&rnid=3837712031&s=electronics&sr=1-10,,https://www.amazon.in/realme-Segment-Fastest-Charging-High-res/dp/B0BZ466BWW/ref=sr_1_10?qid=1688490462&refinements=p_89%3AApple%7CFire-Boltt%7CNoise%7COnePlus%7CRedmi%7CSanDisk%7CboAt%7Crealme&rnid=3837712031&s=electronics&sr=1-10,https://m.media-amazon.com/images/I/71Ftzmh3XWL._AC_UL320_.jpg,https://www.amazon.in/realme-Segment-Fastest-Charging-High-res/dp/B0BZ466BWW/ref=sr_1_10?qid=1688490462&refinements=p_89%3AApple%7CFire-Boltt%7CNoise%7COnePlus%7CRedmi%7CSanDisk%7CboAt%7Crealme&rnid=3837712031&s=electronics&sr=1-10#customerReviews,"realme narzo N55 (Prime Blue, 6GB+128GB) 33W Segment Fastest Charging | Super High-res 64MP Primary AI Camera",4.1 out of 5 stars,,"3,281",https://www.amazon.in/realme-Segment-Fastest-Charging-High-res/dp/B0BZ466BWW/ref=sr_1_10?qid=1688490462&refinements=p_89%3AApple%7CFire-Boltt%7CNoise%7COnePlus%7CRedmi%7CSanDisk%7CboAt%7Crealme&rnid=3837712031&s=electronics&sr=1-10,"₹12,999","12,999",Get it by,"Thursday, 6 July",FREE Delivery by Amazon,(13% off),Phone Set-up at Delivery,M.R.P:,"₹14,999",Available Services:
https://www.amazon.in/Fire-Boltt-Bluetooth-Calling-Assistance-Resolution/dp/B0BF57RN3K/ref=sr_1_11?qid=1688490462&refinements=p_89%3AApple%7CFire-Boltt%7CNoise%7COnePlus%7CRedmi%7CSanDisk%7CboAt%7Crealme&rnid=3837712031&s=electronics&sr=1-11,Deal of the Day,https://www.amazon.in/Fire-Boltt-Bluetooth-Calling-Assistance-Resolution/dp/B0BF57RN3K/ref=sr_1_11?qid=1688490462&refinements=p_89%3AApple%7CFire-Boltt%7CNoise%7COnePlus%7CRedmi%7CSanDisk%7CboAt%7Crealme&rnid=3837712031&s=electronics&sr=1-11,https://m.media-amazon.com/images/I/61S9aVnRZDL._AC_UL320_.jpg,https://www.amazon.in/Fire-Boltt-Bluetooth-Calling-Assistance-Resolution/dp/B0BF57RN3K/ref=sr_1_11?qid=1688490462&refinements=p_89%3AApple%7CFire-Boltt%7CNoise%7COnePlus%7CRedmi%7CSanDisk%7CboAt%7Crealme&rnid=3837712031&s=electronics&sr=1-11#customerReviews,"Fire-Boltt Ninja Call Pro Plus 1.83"" Smart Watch with Bluetooth Calling, AI Voice Assistance, 100 Sports Modes IP67 Rating, 240 * 280 Pixel High Resolution (Black)",4.2 out of 5 stars,https://www.amazon.in/gp/goldbox/,"37,181",https://www.amazon.in/Fire-Boltt-Bluetooth-Calling-Assistance-Resolution/dp/B0BF57RN3K/ref=sr_1_11?qid=1688490462&refinements=p_89%3AApple%7CFire-Boltt%7CNoise%7COnePlus%7CRedmi%7CSanDisk%7CboAt%7Crealme&rnid=3837712031&s=electronics&sr=1-11,"₹1,799","1,799",Get it by,"Thursday, 6 July",FREE Delivery by Amazon,(91% off),,M.R.P:,"₹19,999",
https://www.amazon.in/Redmi-Storage-Performance-Mediatek-Display/dp/B0BYN4D512/ref=sr_1_12?qid=1688490462&refinements=p_89%3AApple%7CFire-Boltt%7CNoise%7COnePlus%7CRedmi%7CSanDisk%7CboAt%7Crealme&rnid=3837712031&s=electronics&sr=1-12,,https://www.amazon.in/Redmi-Storage-Performance-Mediatek-Display/dp/B0BYN4D512/ref=sr_1_12?qid=1688490462&refinements=p_89%3AApple%7CFire-Boltt%7CNoise%7COnePlus%7CRedmi%7CSanDisk%7CboAt%7Crealme&rnid=3837712031&s=electronics&sr=1-12,https://m.media-amazon.com/images/I/81guvfQzeVL._AC_UL320_.jpg,https://www.amazon.in/Redmi-Storage-Performance-Mediatek-Display/dp/B0BYN4D512/ref=sr_1_12?qid=1688490462&refinements=p_89%3AApple%7CFire-Boltt%7CNoise%7COnePlus%7CRedmi%7CSanDisk%7CboAt%7Crealme&rnid=3837712031&s=electronics&sr=1-12#customerReviews,"Redmi 12C (Matte Black, 4GB RAM, 64GB Storage) | High Performance Mediatek Helio G85 | Big 17cm(6.71) HD+ Display with 5000mAh(typ) Battery",4.0 out of 5 stars,,387,https://www.amazon.in/Redmi-Storage-Performance-Mediatek-Display/dp/B0BYN4D512/ref=sr_1_12?qid=1688490462&refinements=p_89%3AApple%7CFire-Boltt%7CNoise%7COnePlus%7CRedmi%7CSanDisk%7CboAt%7Crealme&rnid=3837712031&s=electronics&sr=1-12,"₹8,499","8,499",₹500 coupon applied at checkout,with coupon,Get it by,(39% off),Phone Set-up at Delivery,M.R.P:,"₹13,999",Available Services:
https://www.amazon.in/gp/bestsellers/sports/4730577031/ref=sr_bs_12_4730577031_1,Best seller,https://www.amazon.in/Noise-Launched-Bluetooth-Calling-Tracking/dp/B0BJ72WZQ7/ref=sr_1_13?qid=1688490462&refinements=p_89%3AApple%7CFire-Boltt%7CNoise%7COnePlus%7CRedmi%7CSanDisk%7CboAt%7Crealme&rnid=3837712031&s=electronics&sr=1-13,https://m.media-amazon.com/images/I/61TapeOXotL._AC_UL320_.jpg,https://www.amazon.in/Noise-Launched-Bluetooth-Calling-Tracking/dp/B0BJ72WZQ7/ref=sr_1_13?qid=1688490462&refinements=p_89%3AApple%7CFire-Boltt%7CNoise%7COnePlus%7CRedmi%7CSanDisk%7CboAt%7Crealme&rnid=3837712031&s=electronics&sr=1-13,"Noise Twist Bluetooth Calling Smart Watch with 1.38"" TFT Biggest Display, Up-to 7 Days Battery, 100+ Watch Faces, IP68, Heart Rate Monitor, Sleep Tracking (Jet Black)",4.0 out of 5 stars,https://www.amazon.in/Noise-Launched-Bluetooth-Calling-Tracking/dp/B0BJ72WZQ7/ref=sr_1_13?qid=1688490462&refinements=p_89%3AApple%7CFire-Boltt%7CNoise%7COnePlus%7CRedmi%7CSanDisk%7CboAt%7Crealme&rnid=3837712031&s=electronics&sr=1-13#customerReviews,"5,770",https://www.amazon.in/Noise-Launched-Bluetooth-Calling-Tracking/dp/B0BJ72WZQ7/ref=sr_1_13?qid=1688490462&refinements=p_89%3AApple%7CFire-Boltt%7CNoise%7COnePlus%7CRedmi%7CSanDisk%7CboAt%7Crealme&rnid=3837712031&s=electronics&sr=1-13,"₹1,799","1,799",Get it by,"Thursday, 6 July",FREE Delivery by Amazon,(64% off),,M.R.P:,"₹4,999",
https://www.amazon.in/Apple-iPhone-14-128GB-Midnight/dp/B0BDHX8Z63/ref=sr_1_14?qid=1688490462&refinements=p_89%3AApple%7CFire-Boltt%7CNoise%7COnePlus%7CRedmi%7CSanDisk%7CboAt%7Crealme&rnid=3837712031&s=electronics&sr=1-14,,https://www.amazon.in/Apple-iPhone-14-128GB-Midnight/dp/B0BDHX8Z63/ref=sr_1_14?qid=1688490462&refinements=p_89%3AApple%7CFire-Boltt%7CNoise%7COnePlus%7CRedmi%7CSanDisk%7CboAt%7Crealme&rnid=3837712031&s=electronics&sr=1-14,https://m.media-amazon.com/images/I/61cwywLZR-L._AC_UL320_.jpg,https://www.amazon.in/Apple-iPhone-14-128GB-Midnight/dp/B0BDHX8Z63/ref=sr_1_14?qid=1688490462&refinements=p_89%3AApple%7CFire-Boltt%7CNoise%7COnePlus%7CRedmi%7CSanDisk%7CboAt%7Crealme&rnid=3837712031&s=electronics&sr=1-14#customerReviews,Apple iPhone 14 (128 GB) - Midnight,4.5 out of 5 stars,,"1,634",https://www.amazon.in/Apple-iPhone-14-128GB-Midnight/dp/B0BDHX8Z63/ref=sr_1_14?qid=1688490462&refinements=p_89%3AApple%7CFire-Boltt%7CNoise%7COnePlus%7CRedmi%7CSanDisk%7CboAt%7Crealme&rnid=3837712031&s=electronics&sr=1-14,"₹70,999","70,999",FREE Delivery by Amazon,,,(11% off),Phone Set-up at Delivery,M.R.P:,"₹79,900",Available Services:
https://www.amazon.in/Apple-Original-MMTN2ZM-Lightning-Connector/dp/B01M1EEPOB/ref=sr_1_15?qid=1688490462&refinements=p_89%3AApple%7CFire-Boltt%7CNoise%7COnePlus%7CRedmi%7CSanDisk%7CboAt%7Crealme&rnid=3837712031&s=electronics&sr=1-15,,https://www.amazon.in/Apple-Original-MMTN2ZM-Lightning-Connector/dp/B01M1EEPOB/ref=sr_1_15?qid=1688490462&refinements=p_89%3AApple%7CFire-Boltt%7CNoise%7COnePlus%7CRedmi%7CSanDisk%7CboAt%7Crealme&rnid=3837712031&s=electronics&sr=1-15,https://m.media-amazon.com/images/I/418AP8pw3KL._AC_UL320_.jpg,https://www.amazon.in/Apple-Original-MMTN2ZM-Lightning-Connector/dp/B01M1EEPOB/ref=sr_1_15?qid=1688490462&refinements=p_89%3AApple%7CFire-Boltt%7CNoise%7COnePlus%7CRedmi%7CSanDisk%7CboAt%7Crealme&rnid=3837712031&s=electronics&sr=1-15#customerReviews,Apple EarPods with Lightning Connector,4.4 out of 5 stars,,"14,687",https://www.amazon.in/Apple-Original-MMTN2ZM-Lightning-Connector/dp/B01M1EEPOB/ref=sr_1_15?qid=1688490462&refinements=p_89%3AApple%7CFire-Boltt%7CNoise%7COnePlus%7CRedmi%7CSanDisk%7CboAt%7Crealme&rnid=3837712031&s=electronics&sr=1-15,"₹1,699","1,699",Get it by,"Thursday, 6 July",FREE Delivery by Amazon,(15% off),,10K+ bought in past month,"₹2,000",
https://www.amazon.in/realme-Segment-Fastest-Charging-High-res/dp/B0BZ479WZD/ref=sr_1_16?qid=1688490462&refinements=p_89%3AApple%7CFire-Boltt%7CNoise%7COnePlus%7CRedmi%7CSanDisk%7CboAt%7Crealme&rnid=3837712031&s=electronics&sr=1-16,,https://www.amazon.in/realme-Segment-Fastest-Charging-High-res/dp/B0BZ479WZD/ref=sr_1_16?qid=1688490462&refinements=p_89%3AApple%7CFire-Boltt%7CNoise%7COnePlus%7CRedmi%7CSanDisk%7CboAt%7Crealme&rnid=3837712031&s=electronics&sr=1-16,https://m.media-amazon.com/images/I/71Ftzmh3XWL._AC_UL320_.jpg,https://www.amazon.in/realme-Segment-Fastest-Charging-High-res/dp/B0BZ479WZD/ref=sr_1_16?qid=1688490462&refinements=p_89%3AApple%7CFire-Boltt%7CNoise%7COnePlus%7CRedmi%7CSanDisk%7CboAt%7Crealme&rnid=3837712031&s=electronics&sr=1-16#customerReviews,"realme narzo N55 (Prime Blue, 4GB+64GB) 33W Segment Fastest Charging | Super High-res 64MP Primary AI Camera",4.1 out of 5 stars,,"3,281",https://www.amazon.in/realme-Segment-Fastest-Charging-High-res/dp/B0BZ479WZD/ref=sr_1_16?qid=1688490462&refinements=p_89%3AApple%7CFire-Boltt%7CNoise%7COnePlus%7CRedmi%7CSanDisk%7CboAt%7Crealme&rnid=3837712031&s=electronics&sr=1-16,"₹10,999","10,999",Get it by,"Thursday, 6 July",FREE Delivery by Amazon,(15% off),Phone Set-up at Delivery,M.R.P:,"₹12,999",Available Services:
https://www.amazon.in/realme-Segment-Fastest-Charging-High-res/dp/B0BZ48H8JX/ref=sr_1_17?qid=1688490462&refinements=p_89%3AApple%7CFire-Boltt%7CNoise%7COnePlus%7CRedmi%7CSanDisk%7CboAt%7Crealme&rnid=3837712031&s=electronics&sr=1-17,,https://www.amazon.in/realme-Segment-Fastest-Charging-High-res/dp/B0BZ48H8JX/ref=sr_1_17?qid=1688490462&refinements=p_89%3AApple%7CFire-Boltt%7CNoise%7COnePlus%7CRedmi%7CSanDisk%7CboAt%7Crealme&rnid=3837712031&s=electronics&sr=1-17,https://m.media-amazon.com/images/I/81ogvU1j6qL._AC_UL320_.jpg,https://www.amazon.in/realme-Segment-Fastest-Charging-High-res/dp/B0BZ48H8JX/ref=sr_1_17?qid=1688490462&refinements=p_89%3AApple%7CFire-Boltt%7CNoise%7COnePlus%7CRedmi%7CSanDisk%7CboAt%7Crealme&rnid=3837712031&s=electronics&sr=1-17#customerReviews,"realme narzo N55 (Prime Black, 6GB+128GB) 33W Segment Fastest Charging | Super High-res 64MP Primary AI Camera",4.1 out of 5 stars,,"3,281",https://www.amazon.in/realme-Segment-Fastest-Charging-High-res/dp/B0BZ48H8JX/ref=sr_1_17?qid=1688490462&refinements=p_89%3AApple%7CFire-Boltt%7CNoise%7COnePlus%7CRedmi%7CSanDisk%7CboAt%7Crealme&rnid=3837712031&s=electronics&sr=1-17,"₹12,999","12,999",Get it by,"Thursday, 6 July",FREE Delivery by Amazon,(13% off),Phone Set-up at Delivery,M.R.P:,"₹14,999",Available Services:
https://www.amazon.in/boAt-Flash-Smartwatch-Activity-Resistance/dp/B0949TYBW6/ref=sr_1_18?qid=1688490462&refinements=p_89%3AApple%7CFire-Boltt%7CNoise%7COnePlus%7CRedmi%7CSanDisk%7CboAt%7Crealme&rnid=3837712031&s=electronics&sr=1-18,,https://www.amazon.in/boAt-Flash-Smartwatch-Activity-Resistance/dp/B0949TYBW6/ref=sr_1_18?qid=1688490462&refinements=p_89%3AApple%7CFire-Boltt%7CNoise%7COnePlus%7CRedmi%7CSanDisk%7CboAt%7Crealme&rnid=3837712031&s=electronics&sr=1-18,https://m.media-amazon.com/images/I/712reiBu5PL._AC_UL320_.jpg,https://www.amazon.in/boAt-Flash-Smartwatch-Activity-Resistance/dp/B0949TYBW6/ref=sr_1_18?qid=1688490462&refinements=p_89%3AApple%7CFire-Boltt%7CNoise%7COnePlus%7CRedmi%7CSanDisk%7CboAt%7Crealme&rnid=3837712031&s=electronics&sr=1-18#customerReviews,"boAt Flash Edition Smart Watch with Activity Tracker, Multiple Sports Modes, 1.3"" Screen, 170+ Watch Faces, Sleep Monitor, Gesture, Camera & Music Control, IP68 & 7 Days Battery Life(Galaxy Blue)",4.0 out of 5 stars,,"5,938",https://www.amazon.in/boAt-Flash-Smartwatch-Activity-Resistance/dp/B0949TYBW6/ref=sr_1_18?qid=1688490462&refinements=p_89%3AApple%7CFire-Boltt%7CNoise%7COnePlus%7CRedmi%7CSanDisk%7CboAt%7Crealme&rnid=3837712031&s=electronics&sr=1-18,"₹1,699","1,699",Get it by,"Thursday, 6 July",FREE Delivery by Amazon,(76% off),,M.R.P:,"₹6,990",
https://www.amazon.in/gp/bestsellers/watches/ref=sr_bs_18_watches_1,Best seller,https://www.amazon.in/Fire-Boltt-Bluetooth-Smartwatch-Assistant-Monitoring/dp/B0BRKXXPZ7/ref=sr_1_19?qid=1688490462&refinements=p_89%3AApple%7CFire-Boltt%7CNoise%7COnePlus%7CRedmi%7CSanDisk%7CboAt%7Crealme&rnid=3837712031&s=electronics&sr=1-19,https://m.media-amazon.com/images/I/61ArSKA048L._AC_UL320_.jpg,https://www.amazon.in/Fire-Boltt-Bluetooth-Smartwatch-Assistant-Monitoring/dp/B0BRKXXPZ7/ref=sr_1_19?qid=1688490462&refinements=p_89%3AApple%7CFire-Boltt%7CNoise%7COnePlus%7CRedmi%7CSanDisk%7CboAt%7Crealme&rnid=3837712031&s=electronics&sr=1-19,"Fire-Boltt Phoenix Pro 1.39"" Bluetooth Calling Smartwatch, AI Voice Assistant, Metal Body with 120+ Sports Modes, SpO2, Heart Rate Monitoring (Black)",4.2 out of 5 stars,https://www.amazon.in/Fire-Boltt-Bluetooth-Smartwatch-Assistant-Monitoring/dp/B0BRKXXPZ7/ref=sr_1_19?qid=1688490462&refinements=p_89%3AApple%7CFire-Boltt%7CNoise%7COnePlus%7CRedmi%7CSanDisk%7CboAt%7Crealme&rnid=3837712031&s=electronics&sr=1-19#customerReviews,"66,282",https://www.amazon.in/Fire-Boltt-Bluetooth-Smartwatch-Assistant-Monitoring/dp/B0BRKXXPZ7/ref=sr_1_19?qid=1688490462&refinements=p_89%3AApple%7CFire-Boltt%7CNoise%7COnePlus%7CRedmi%7CSanDisk%7CboAt%7Crealme&rnid=3837712031&s=electronics&sr=1-19,"₹1,799","1,799",Get it by,"Thursday, 6 July",FREE Delivery by Amazon,(85% off),,M.R.P:,"₹11,999",
https://www.amazon.in/SanDisk-Ultra%C2%AE-microSDXCTM-Warranty-Smartphones/dp/B0BDYVC5TD/ref=sr_1_20?qid=1688490462&refinements=p_89%3AApple%7CFire-Boltt%7CNoise%7COnePlus%7CRedmi%7CSanDisk%7CboAt%7Crealme&rnid=3837712031&s=electronics&sr=1-20,,https://www.amazon.in/SanDisk-Ultra%C2%AE-microSDXCTM-Warranty-Smartphones/dp/B0BDYVC5TD/ref=sr_1_20?qid=1688490462&refinements=p_89%3AApple%7CFire-Boltt%7CNoise%7COnePlus%7CRedmi%7CSanDisk%7CboAt%7Crealme&rnid=3837712031&s=electronics&sr=1-20,https://m.media-amazon.com/images/I/71jsEFJtRRL._AC_UL320_.jpg,https://www.amazon.in/SanDisk-Ultra%C2%AE-microSDXCTM-Warranty-Smartphones/dp/B0BDYVC5TD/ref=sr_1_20?qid=1688490462&refinements=p_89%3AApple%7CFire-Boltt%7CNoise%7COnePlus%7CRedmi%7CSanDisk%7CboAt%7Crealme&rnid=3837712031&s=electronics&sr=1-20#customerReviews,"SanDisk Ultra® 128GB microSDXC™ UHS-I, 140MB/s R Memory Card, 10 Y Warranty, for Smartphones",4.4 out of 5 stars,,"80,333",https://www.amazon.in/SanDisk-Ultra%C2%AE-microSDXCTM-Warranty-Smartphones/dp/B0BDYVC5TD/ref=sr_1_20?qid=1688490462&refinements=p_89%3AApple%7CFire-Boltt%7CNoise%7COnePlus%7CRedmi%7CSanDisk%7CboAt%7Crealme&rnid=3837712031&s=electronics&sr=1-20,₹819,819,Get it by,"Thursday, 6 July",FREE Delivery by Amazon,(55% off),,M.R.P:,"₹1,800",
https://www.amazon.in/boAt-Wave-Call-Dedicated-Multi-Sport/dp/B0B5B6PQCT/ref=sr_1_21?qid=1688490462&refinements=p_89%3AApple%7CFire-Boltt%7CNoise%7COnePlus%7CRedmi%7CSanDisk%7CboAt%7Crealme&rnid=3837712031&s=electronics&sr=1-21,Deal of the Day,https://www.amazon.in/boAt-Wave-Call-Dedicated-Multi-Sport/dp/B0B5B6PQCT/ref=sr_1_21?qid=1688490462&refinements=p_89%3AApple%7CFire-Boltt%7CNoise%7COnePlus%7CRedmi%7CSanDisk%7CboAt%7Crealme&rnid=3837712031&s=electronics&sr=1-21,https://m.media-amazon.com/images/I/61H5PEqBBAL._AC_UL320_.jpg,https://www.amazon.in/boAt-Wave-Call-Dedicated-Multi-Sport/dp/B0B5B6PQCT/ref=sr_1_21?qid=1688490462&refinements=p_89%3AApple%7CFire-Boltt%7CNoise%7COnePlus%7CRedmi%7CSanDisk%7CboAt%7Crealme&rnid=3837712031&s=electronics&sr=1-21#customerReviews,"boAt Wave Call Smart Watch, Smart Talk with Advanced Dedicated Bluetooth Calling Chip, 1.69 HD Display with 550 NITS & 70% Color Gamut, 150+ Watch Faces, Multi-Sport Modes,HR,SpO2, IP68(Active Black)",3.9 out of 5 stars,https://www.amazon.in/gp/goldbox/,"30,731",https://www.amazon.in/boAt-Wave-Call-Dedicated-Multi-Sport/dp/B0B5B6PQCT/ref=sr_1_21?qid=1688490462&refinements=p_89%3AApple%7CFire-Boltt%7CNoise%7COnePlus%7CRedmi%7CSanDisk%7CboAt%7Crealme&rnid=3837712031&s=electronics&sr=1-21,"₹1,699","1,699",Get it by,"Thursday, 6 July",FREE Delivery by Amazon,(78% off),,M.R.P:,"₹7,900",
https://www.amazon.in/gp/bestsellers/watches/ref=sr_bs_21_watches_1,Best seller,https://www.amazon.in/Fire-Boltt-Phoenix-Bluetooth-Calling-Monitoring/dp/B0B3RRWSF6/ref=sr_1_22?qid=1688490462&refinements=p_89%3AApple%7CFire-Boltt%7CNoise%7COnePlus%7CRedmi%7CSanDisk%7CboAt%7Crealme&rnid=3837712031&s=electronics&sr=1-22,https://m.media-amazon.com/images/I/61y2VVWcGBL._AC_UL320_.jpg,https://www.amazon.in/Fire-Boltt-Phoenix-Bluetooth-Calling-Monitoring/dp/B0B3RRWSF6/ref=sr_1_22?qid=1688490462&refinements=p_89%3AApple%7CFire-Boltt%7CNoise%7COnePlus%7CRedmi%7CSanDisk%7CboAt%7Crealme&rnid=3837712031&s=electronics&sr=1-22,"Fire-Boltt Phoenix Smart Watch with Bluetooth Calling 1.3"",120+ Sports Modes, 240 * 240 PX High Res with SpO2, Heart Rate Monitoring & IP67 Rating (Black)",4.2 out of 5 stars,https://www.amazon.in/Fire-Boltt-Phoenix-Bluetooth-Calling-Monitoring/dp/B0B3RRWSF6/ref=sr_1_22?qid=1688490462&refinements=p_89%3AApple%7CFire-Boltt%7CNoise%7COnePlus%7CRedmi%7CSanDisk%7CboAt%7Crealme&rnid=3837712031&s=electronics&sr=1-22#customerReviews,"66,282",https://www.amazon.in/Fire-Boltt-Phoenix-Bluetooth-Calling-Monitoring/dp/B0B3RRWSF6/ref=sr_1_22?qid=1688490462&refinements=p_89%3AApple%7CFire-Boltt%7CNoise%7COnePlus%7CRedmi%7CSanDisk%7CboAt%7Crealme&rnid=3837712031&s=electronics&sr=1-22,"₹1,499","1,499",Get it by,"Thursday, 6 July",FREE Delivery by Amazon,(32% off),,M.R.P:,"₹2,199",
https://www.amazon.in/Noise-ColorFit-Display-Monitoring-Smartwatches/dp/B09NVPSCQT/ref=sr_1_23?qid=1688490462&refinements=p_89%3AApple%7CFire-Boltt%7CNoise%7COnePlus%7CRedmi%7CSanDisk%7CboAt%7Crealme&rnid=3837712031&s=electronics&sr=1-23,,https://www.amazon.in/Noise-ColorFit-Display-Monitoring-Smartwatches/dp/B09NVPSCQT/ref=sr_1_23?qid=1688490462&refinements=p_89%3AApple%7CFire-Boltt%7CNoise%7COnePlus%7CRedmi%7CSanDisk%7CboAt%7Crealme&rnid=3837712031&s=electronics&sr=1-23,https://m.media-amazon.com/images/I/61Q0R5cdxWL._AC_UL320_.jpg,https://www.amazon.in/Noise-ColorFit-Display-Monitoring-Smartwatches/dp/B09NVPSCQT/ref=sr_1_23?qid=1688490462&refinements=p_89%3AApple%7CFire-Boltt%7CNoise%7COnePlus%7CRedmi%7CSanDisk%7CboAt%7Crealme&rnid=3837712031&s=electronics&sr=1-23#customerReviews,"Noise ColorFit Pulse Grand Smart Watch with 1.69""(4.29cm) HD Display, 60 Sports Modes, 150 Watch Faces, Fast Charge, Spo2, Stress, Sleep, Heart Rate Monitoring & IP68 Waterproof (Jet Black)",4.0 out of 5 stars,,"99,193",https://www.amazon.in/Noise-ColorFit-Display-Monitoring-Smartwatches/dp/B09NVPSCQT/ref=sr_1_23?qid=1688490462&refinements=p_89%3AApple%7CFire-Boltt%7CNoise%7COnePlus%7CRedmi%7CSanDisk%7CboAt%7Crealme&rnid=3837712031&s=electronics&sr=1-23,"₹1,299","1,299",FREE Delivery by Amazon,,,(68% off),,M.R.P:,"₹3,999",
https://www.amazon.in/Noise-Advanced-Bluetooth-Brightness-Smartwatch/dp/B0B6BLTGTT/ref=sr_1_24?qid=1688490462&refinements=p_89%3AApple%7CFire-Boltt%7CNoise%7COnePlus%7CRedmi%7CSanDisk%7CboAt%7Crealme&rnid=3837712031&s=electronics&sr=1-24,Deal of the Day,https://www.amazon.in/Noise-Advanced-Bluetooth-Brightness-Smartwatch/dp/B0B6BLTGTT/ref=sr_1_24?qid=1688490462&refinements=p_89%3AApple%7CFire-Boltt%7CNoise%7COnePlus%7CRedmi%7CSanDisk%7CboAt%7Crealme&rnid=3837712031&s=electronics&sr=1-24,https://m.media-amazon.com/images/I/61SSVxTSs3L._AC_UL320_.jpg,https://www.amazon.in/Noise-Advanced-Bluetooth-Brightness-Smartwatch/dp/B0B6BLTGTT/ref=sr_1_24?qid=1688490462&refinements=p_89%3AApple%7CFire-Boltt%7CNoise%7COnePlus%7CRedmi%7CSanDisk%7CboAt%7Crealme&rnid=3837712031&s=electronics&sr=1-24#customerReviews,"Noise Pulse 2 Max 1.85"" Display, Bluetooth Calling Smart Watch, 10 Days Battery, 550 NITS Brightness, Smart DND, 100 Sports Modes, Smartwatch for Men and Women (Jet Black)",4.0 out of 5 stars,https://www.amazon.in/gp/goldbox/,"13,862",https://www.amazon.in/Noise-Advanced-Bluetooth-Brightness-Smartwatch/dp/B0B6BLTGTT/ref=sr_1_24?qid=1688490462&refinements=p_89%3AApple%7CFire-Boltt%7CNoise%7COnePlus%7CRedmi%7CSanDisk%7CboAt%7Crealme&rnid=3837712031&s=electronics&sr=1-24,"₹1,799","1,799",Get it by,"Thursday, 6 July",FREE Delivery by Amazon,(70% off),,M.R.P:,"₹5,999",